plan_id,technique,test_number,test_name,guid,host,pid,utc_start,utc_end,phase,exit_code,notes
W9-A1,T1059.001,,,,,,,,test,,
W9-A2,T1059.003,,,,,,,,test,,
W9-A3,T1053.005,,,,,,,,test,,
W9-A4,T1105,,,,,,,,test,,
W9-A5,T1136.001,,,,,,,,test,,
W9-A6,T1686,,,,,,,,test,,
W9-A7,T1218.011,,,,,,,,test,,
W9-A8,T1082,,,,,,,,test,,
W9-B1,T1059.007,,,,,,,,test,,
W9-B2,T1218.005,,,,,,,,test,,
W9-B3,T1547.001,,,,,,,,test,,
W9-B4,T1112,,,,,,,,test,,
W9-C1,T1003.002,,,,,,,,test,,
W9-C2,T1003.001,,,,,,,,test,,
