uuid,type,value,family,role,to_ids,confidence,confidence_score,first_seen,last_seen,age_days,expires,sources,derived,filter_reasons,description
9a49e4fe-b141-5e21-b5fb-4efb683d4a2e,sha256,015d60486e75035f83ea454e87afb38d11ec39643c33b07f61a40343078ee4f5,Amadey,plugin,True,High,70,2023-07-25,2023-07-25,1165,,Splunk,False,,clip64.dll
0ac19893-9a8c-5771-8602-9fdf49097c9d,sha256,1246c5b89ab668c1137f377507bc3e266a98e93248382aa026610ae1e764a497,Amadey,sample,True,High,70,2026-06-24,2026-06-24,100,,Microsoft,False,,Amadey 5.65
fc0da87d-62db-5b92-b43a-0e5f40addd9f,sha256,30cef3d3d956e83e2c50579cfbe57a49159cccbcc8b0b0422f27d55e1c401ad9,Amadey,sample,True,High,70,2026-06-24,2026-06-24,100,,Microsoft,False,,Amadey 5.77
e5421958-4287-5547-903a-6d6fade8dfcc,sha256,3d5d48ea2b6f76af583e541602950d89b8d96a13654469df3bc58dcddf879e9d,Amadey,plugin,True,High,70,2023-07-25,2023-07-25,1165,,Splunk,False,,cred64.dll
a4536b0a-ff27-5a6d-8af4-bd58df08ea58,sha256,43455f1ff4a623b783da670d052eb77eaaacb0c66a9f1e8508f802bf22e8129e,Amadey,sample,True,High,70,2026-06-24,2026-06-24,100,,Microsoft,False,,Amadey 5.60
c1018abf-c57b-5c92-8280-ea9fdb748e8a,sha256,5f5b25b2e35d404034d0d60975cf1ffbc6f141761ec3f4f15d6f7c6213a056f6,Amadey,sample,True,High,70,2026-06-24,2026-06-24,100,,Microsoft,False,,Amadey 5.80
248a80b1-2822-595e-a53a-6a0184f3a546,sha256,617f4082c320c24f27f69d146aae6973a3cb818860ab196cf2800ff16518c2bc,Amadey,sample,True,High,70,2023-07-25,2023-07-25,1165,,Splunk,False,,Amadey
a83e9436-6238-599c-a54f-2eeb40856d9c,sha256,89d30f7ba7b2af7f519d2fe066700fae723643e25b1859f32c60618956651710,Amadey,sample,True,High,70,2023-07-25,2023-07-25,1165,,Splunk,False,,Amadey
af525777-76ce-54fe-8d0f-563fbabc67f4,sha256,8cef760d11d24fc2e9bbd9f770dca5105854f7ece3b0e6948d7c8b7fdd1765ea,Amadey,sample,True,High,70,2026-06-24,2026-06-24,100,,Microsoft,False,,Amadey 5.73
323a0358-e853-5ccc-951d-5428a51a738e,sha256,9383572a30ae5b76fadd0700fbd7a1aa7b05d0b6c8f9cdaef9b30a3e1f65d57d,Amadey,sample,True,High,70,2026-06-24,2026-06-24,100,,Microsoft,False,,Amadey 5.86
9f0629b4-b96c-5eae-8336-153e9b92c86c,sha256,98e504cc7125b79eda5491f40b998605a05f4cd968b961aab4cce7beb074fefe,Amadey,sample,True,High,70,2026-06-24,2026-06-24,100,,Microsoft,False,,Amadey 5.78
c64abb9b-5765-5bd7-b2d6-8f5995be5fcf,sha256,99507f18c4e61fdb109805404bf6a79ea8ce2fddc590ce48d717e97516ab7e8d,Amadey,sample,True,High,70,2026-06-24,2026-06-24,100,,Microsoft,False,,Amadey 5.70
173ee42a-c63c-5918-9e3e-35625983250d,sha256,b7d1f172ff3feafe65d47fd1cbe0cc249316371ae0e1cbe3a7c741c738b3353d,Amadey,sample,True,High,70,2026-06-24,2026-06-24,100,,Microsoft,False,,Amadey 5.87
e8a5130b-ab5b-5dc1-8293-d9f4219386fc,sha256,bae0f38f58ad93728261f09840721ebedb9669a445f40083396fdd0da38a22a7,Amadey,plugin,True,High,70,2025-12-18,2025-12-18,288,,Trellix,False,,Amadey Clipper Plugin (clip64.dll)
1cb420cd-515c-5be9-9621-f6923624301f,sha256,ca4d4c4fc3e5d5cfa922b898f2d7411f03a446dddb139ba45dfd4f8f0018b64f,Amadey,sample,True,High,70,2026-06-24,2026-06-24,100,,Microsoft,False,,Amadey 5.63
edf90162-4570-5135-af05-aa3fbbbb1438,sha256,d43c988d6f9cb355497696b580621fb1bdb7b6ed6d90f97520ecf6da5a1a41ff,Amadey,sample,True,High,70,2026-06-24,2026-06-24,100,,Microsoft,False,,Amadey 5.64
f22f5f78-cc2b-5e2b-8623-57b986f7406a,sha256,d7a366fa4d31c901ce3bcb6760d7bb5aa7cab49bb54d8c6551b3df14c8cf64e7,Amadey,sample,True,High,70,2025-12-18,2025-12-18,288,,Trellix,False,,Amadey Loader (Yfgfwb.exe)
9ddcf60e-a505-534c-b054-b261284240e5,sha256,0334cd1b8ab17203179da1ae77c1fad97ddf794cc63a6048aca664956d10b2ca,Amadey-campaign,sample,True,Medium,50,2025-07-15,2025-07-17,442,,Cisco Talos,False,,
7ac7d08f-818e-56ac-bcdb-fbbf1113596a,sha256,21cf7da02e01b3c2317178395eff873e50ab9b8f27a23ffed37b2efff8fd6b90,Amadey-campaign,sample,True,Medium,50,2025-07-15,2025-07-17,442,,Cisco Talos,False,,
d468e570-3a44-5d98-9a55-dc003edebac3,sha256,35c1eb5ff8913c4ca4feb712e05354772146247bdb4b337868c687730f201023,Amadey-campaign,sample,True,Medium,50,2025-07-15,2025-07-17,442,,Cisco Talos,False,,
40bc6a61-1065-550e-adc5-230bd188a8a1,sha256,718be762e8bd513283cd5e21634dc65bd160e47121716fd058daf5f3be42728a,Amadey-campaign,sample,True,Medium,50,2025-07-15,2025-07-17,442,,Cisco Talos,False,,
90a07002-2fbc-56ae-9bcb-51b708f651c9,sha256,87618787e1032bbf6a6ca8b3388ea3803be20a49e4afaba1df38a6116085062f,Amadey-campaign,sample,True,Medium,50,2025-07-15,2025-07-17,442,,Cisco Talos,False,,
27df7652-560e-589f-bbfb-ec0ed752dd2b,sha256,9bcfc98998b9e42b86204e66605b65462eeb8cfd8a0661b3ceebc99d4277e83c,Amadey-campaign,sample,True,Medium,50,2025-07-15,2025-07-17,442,,Cisco Talos,False,,
e5b1c7ad-df32-56f4-a51f-3276065b4f0f,sha256,0215f734867bd71c57ff5c524d8cc670be5b4f1861b2c390cf46d18784a53624,StealC,sample,True,High,70,2026-06-24,2026-06-24,100,,Microsoft,False,,StealC
3a347281-9034-5121-9f38-4e903c9c581c,sha256,2a0f053855da59b3b56812e580d7baeba59fc9493694722aa9e3f121ee3363f1,StealC,sample,True,High,70,2026-06-24,2026-06-24,100,,Microsoft,False,,StealC
37cb8a76-319b-55ce-93e4-9f6976917056,sha256,8f32456359f209a63adfd24b94235e1727382ac7f7bb7f2bcaf754e721925b64,StealC,sample,True,High,70,2026-06-24,2026-06-24,100,,Microsoft,False,,StealC
dfad5ae3-ee97-5552-aa18-d73a6fd8ed88,sha256,977b33a9b481cf714946b7d386865cd5d284312aa5ecfa0546c197b1003e1bde,StealC,sample,True,High,70,2026-06-24,2026-06-24,100,,Microsoft,False,,StealC
52f8deef-0ba4-5729-ab83-b4ecd9793959,sha256,b5d4cc84845cb101f8bda324729ebedd8acd36cc8ec32f80969c4fb6d3c2b8a7,StealC,sample,True,High,70,2025-12-18,2025-12-18,288,,Trellix,False,,StealC Payload (x64_protect.exe)
21e1d2d5-5c57-54f7-bb37-31ba5d4609fb,url,http://91.92.243.129/0gjSy4hf3/Login.php,Amadey,c2,False,Medium,50,2025-12-18,2025-12-18,288,2026-06-16,Trellix,False,expired: 288 days old > TTL 180,Amadey C2 Check-in
dea7f682-84c1-52f7-bd3a-06335198392f,url,http://91.92.243.129/0gjSy4hf3/index.php,Amadey,c2,False,Medium,50,2025-12-18,2025-12-18,288,2026-06-16,Trellix,False,expired: 288 days old > TTL 180,Amadey C2 Panel
740f52e8-2a69-5d20-a331-c633e1abe945,url,http://goodpanelforgoodjob.com/hg8jjfSr5hy/index.php,Amadey,c2,True,High,70,2026-06-24,2026-06-24,100,2026-12-21,Microsoft,False,,Amadey C2
8e7e4422-3558-5f31-9c00-a77a308b1cb1,url,http://microsoft-telemetry.at/cvdfnaFJBmC0/index.php,Amadey,c2,True,High,70,2026-06-24,2026-06-24,100,2026-12-21,Microsoft,False,,Amadey C2
64539527-1a1a-5a68-b348-c78b9e9772b7,url,http://rebustan.top/gd7djkDveE2/index.php,Amadey,c2,True,High,70,2026-06-24,2026-06-24,100,2026-12-21,Microsoft,False,,Amadey C2
cee1b83f-7fa2-526e-80cb-1a1b7dd51dc6,url,http://spasopro.at/Lsge63sd3/index.php,Amadey,c2,True,High,70,2026-06-24,2026-06-24,100,2026-12-21,Microsoft,False,,Amadey C2
864d2635-a07c-5b91-83dc-efea28bba492,url,http://svclsc.com/ms/index.php,Amadey,c2,True,High,70,2026-06-24,2026-06-24,100,2026-12-21,Microsoft,False,,Amadey C2
4523dcab-844a-5ae5-85be-4141233fc50a,url,http://185.215.113.16/test/amnew.exe,Amadey-campaign,payload-host,False,Low,30,2025-07-15,2025-07-17,442,2026-01-13,Cisco Talos,False,expired: 442 days old > TTL 180; infrastructure offline (BGP prefix withdrawn),
5d3c9ccc-613f-5e3f-a10f-e8371ec139d4,url,http://185.215.113.43/Zu7JuNko/index.php,Amadey-campaign,c2,False,Low,30,2025-07-15,2025-07-17,442,2026-01-13,Cisco Talos,False,expired: 442 days old > TTL 180; infrastructure offline (BGP prefix withdrawn),
35303b87-c9c9-5988-ab63-e593bb7f974c,url,http://pivqmane.com/doc/fb.mp4,Amadey-campaign,payload-host,False,Low,30,2025-07-15,2025-07-17,442,2026-01-13,Cisco Talos,False,expired: 442 days old > TTL 180,
2b574f3c-a5bd-5e91-9fb5-a8503e899431,url,http://pivqmane.com/testonload.mp4,Amadey-campaign,payload-host,False,Low,30,2025-07-15,2025-07-17,442,2026-01-13,Cisco Talos,False,expired: 442 days old > TTL 180,
ebbb933a-5c54-58c6-84af-bfbf2e528b4c,url,http://158.94.208.130/8528aa6d5ece46dc.php,StealC,c2,False,Medium,50,2025-12-18,2025-12-18,288,2026-06-16,Trellix,False,"expired: 288 days old > TTL 180; IP re-assigned to unrelated host (Shodan, 2026-10-02)",StealC C2 Endpoint
079572f1-4746-5600-a578-481f7bf10adf,url,http://bluescry.com/01f96fd710e905ca2326.php,StealC,c2,True,High,70,2026-06-24,2026-06-24,100,2026-12-21,Microsoft,False,,StealC C2
96e66514-83e6-568b-bc6f-62da72d039f8,url,http://cdntestconnect.com/ed54b97a570943999715.php,StealC,c2,True,High,70,2026-06-24,2026-06-24,100,2026-12-21,Microsoft,False,,StealC C2
52648537-5417-5028-ab4b-2f9d122fef3a,url,http://polse.us/62ea47cac2534aa18f74.php,StealC,c2,True,High,70,2026-06-24,2026-06-24,100,2026-12-21,Microsoft,False,,StealC C2
b48fa5f0-5384-5dee-8d70-9ad64633528a,url,http://roger99699.xyz/425f1faf4b214434b8a3.php,StealC,c2,True,High,70,2026-06-24,2026-06-24,100,2026-12-21,Microsoft,False,,StealC C2
c6e77b4e-3280-5c1f-94ee-b2aa978d4db9,url,http://secure.controlpanel.asia/330311481fe14ab99814.php,StealC,c2,True,High,70,2026-06-24,2026-06-24,100,2026-12-21,Microsoft,False,,StealC C2
936a9d86-6ee7-54d1-bb2c-9f39e56ed494,url,https://bartsen284.online/39d9612df78e45b5a4bb.php,StealC,c2,True,High,70,2026-06-24,2026-06-24,100,2026-12-21,Microsoft,False,,StealC C2
0379f60b-405d-5948-befb-2aa13c6a974d,url,https://gitlab.bzctoons.net/suau/fds/-/raw/main/protected.zip,StealC,payload-host,False,Medium,50,2025-12-18,2025-12-18,288,2026-06-16,Trellix,False,expired: 288 days old > TTL 180,StealC Payload Download URL
e572e700-1fac-5527-b10d-c0e78c5221f4,url,https://neltron-geltron.shop/e396586b99ee49d19cc3.php,StealC,c2,True,High,70,2026-06-24,2026-06-24,100,2026-12-21,Microsoft,False,,StealC C2
eb057373-675b-5b84-af3d-e824d930a916,domain,goodpanelforgoodjob.com,Amadey,c2,True,Medium,60,2026-06-24,2026-06-24,100,2026-12-21,Microsoft,True,,derived from URL http://goodpanelforgoodjob.com/hg8jjfSr5hy/index.php
bbe5aa39-95d0-5c66-8e25-ebe6d53cd413,domain,microsoft-telemetry.at,Amadey,c2,True,Medium,60,2026-06-24,2026-06-24,100,2026-12-21,Microsoft,True,,derived from URL http://microsoft-telemetry.at/cvdfnaFJBmC0/index.php
07629c8c-79aa-528a-b585-97e055fc5fd9,domain,rebustan.top,Amadey,c2,True,Medium,60,2026-06-24,2026-06-24,100,2026-12-21,Microsoft,True,,derived from URL http://rebustan.top/gd7djkDveE2/index.php
3f94a64f-41b2-5c5e-95ef-ac45026c19bd,domain,spasopro.at,Amadey,c2,True,Medium,60,2026-06-24,2026-06-24,100,2026-12-21,Microsoft,True,,derived from URL http://spasopro.at/Lsge63sd3/index.php
6c38601c-d41b-57fd-831b-7ef7f472cbe4,domain,svclsc.com,Amadey,c2,True,Medium,60,2026-06-24,2026-06-24,100,2026-12-21,Microsoft,True,,derived from URL http://svclsc.com/ms/index.php
c4b147ba-2a38-5efb-9fd6-eb76a5b1dd70,domain,pivqmane.com,Amadey-campaign,payload-host,False,Low,20,2025-07-15,2025-07-17,442,2026-01-13,Cisco Talos,True,expired: 442 days old > TTL 180,derived from URL http://pivqmane.com/doc/fb.mp4
567feced-9918-59d5-ada7-2a675b8b5030,domain,bartsen284.online,StealC,c2,True,Medium,60,2026-06-24,2026-06-24,100,2026-12-21,Microsoft,True,,derived from URL https://bartsen284.online/39d9612df78e45b5a4bb.php
50827a7a-21a1-5d57-b05e-ef5680ee4154,domain,bluescry.com,StealC,c2,True,Medium,60,2026-06-24,2026-06-24,100,2026-12-21,Microsoft,True,,derived from URL http://bluescry.com/01f96fd710e905ca2326.php
d2b4991b-dcbf-5ef4-8e82-ec2f9d6e8501,domain,bzctoons.net,StealC,payload-host,False,Medium,50,2025-12-18,2025-12-18,288,2026-06-16,Trellix,False,"compromised legitimate organisation - block the URL, not the whole domain; expired: 288 days old > TTL 180",Parent Domain
6be2a8d2-3ba0-5850-a3cf-72cb5e5630f7,domain,cdntestconnect.com,StealC,c2,True,Medium,60,2026-06-24,2026-06-24,100,2026-12-21,Microsoft,True,,derived from URL http://cdntestconnect.com/ed54b97a570943999715.php
e94ae025-5480-5020-b606-16ea8e825551,domain,gitlab.bzctoons.net,StealC,payload-host,False,Medium,50,2025-12-18,2025-12-18,288,2026-06-16,Trellix,False,expired: 288 days old > TTL 180,Exploited GitLab Instance
4be1be55-afe4-54b3-a13a-772166e0b743,domain,neltron-geltron.shop,StealC,c2,True,Medium,60,2026-06-24,2026-06-24,100,2026-12-21,Microsoft,True,,derived from URL https://neltron-geltron.shop/e396586b99ee49d19cc3.php
903af268-88e5-5905-9dee-d8a0a79408b2,domain,polse.us,StealC,c2,True,Medium,60,2026-06-24,2026-06-24,100,2026-12-21,Microsoft,True,,derived from URL http://polse.us/62ea47cac2534aa18f74.php
21aca9c2-83c9-550f-9e8b-eba52212b4c5,domain,roger99699.xyz,StealC,c2,True,Medium,60,2026-06-24,2026-06-24,100,2026-12-21,Microsoft,True,,derived from URL http://roger99699.xyz/425f1faf4b214434b8a3.php
2f4129e1-53cb-51ad-849e-7a6b8bdce68b,domain,secure.controlpanel.asia,StealC,c2,True,Medium,60,2026-06-24,2026-06-24,100,2026-12-21,Microsoft,True,,derived from URL http://secure.controlpanel.asia/330311481fe14ab99814.php
015e7957-2b41-5323-8fe4-c432941cb6ef,ip,91.92.243.129,Amadey,c2,False,Medium,50,2025-12-18,2025-12-18,288,2026-03-18,Trellix,False,expired: 288 days old > TTL 90,Amadey C2 Server
6be48db4-7550-5589-9722-dec8a95b1296,ip,185.156.73.73,Amadey-campaign,network-unlabelled,False,Low,30,2025-07-15,2025-07-17,442,2025-10-15,Cisco Talos,False,expired: 442 days old > TTL 90,
743984a5-3f38-5208-b21b-2659db240aeb,ip,185.215.113.16,Amadey-campaign,payload-host,False,Low,20,2025-07-15,2025-07-17,442,2025-10-15,Cisco Talos,True,expired: 442 days old > TTL 90; infrastructure offline (BGP prefix withdrawn),derived from URL http://185.215.113.16/test/amnew.exe
85d9c379-38ed-570a-862a-2803c7a1d45b,ip,185.215.113.209,Amadey-campaign,network-unlabelled,False,Low,30,2025-07-15,2025-07-17,442,2025-10-15,Cisco Talos,False,expired: 442 days old > TTL 90; infrastructure offline (BGP prefix withdrawn),
e1f95758-a4e0-5b3f-840f-e29d42b15071,ip,185.215.113.43,Amadey-campaign,c2,False,Low,20,2025-07-15,2025-07-17,442,2025-10-15,Cisco Talos,True,expired: 442 days old > TTL 90; infrastructure offline (BGP prefix withdrawn),derived from URL http://185.215.113.43/Zu7JuNko/index.php
a57096b1-3fba-58f9-bd64-78e35a291fdf,ip,185.215.113.75,Amadey-campaign,network-unlabelled,False,Low,30,2025-07-15,2025-07-17,442,2025-10-15,Cisco Talos,False,expired: 442 days old > TTL 90; infrastructure offline (BGP prefix withdrawn),
2df24f7d-191f-5eea-96f2-9c29c72ec441,ip,158.94.208.130,StealC,c2,False,Medium,50,2025-12-18,2025-12-18,288,2026-03-18,Trellix,False,"expired: 288 days old > TTL 90; IP re-assigned to unrelated host (Shodan, 2026-10-02)",StealC C2 Server
c986063b-5906-5879-a53f-7c51abb58fb7,mutex,f936986d553273aef6eeaeef713ad28f,Amadey,host-artefact,True,High,70,2025-12-18,2025-12-18,288,,Trellix,False,,Instance prevention mutex
a67cc75b-1e48-56d7-ab3a-754b265b1801,scheduled_task,C:\Windows\Tasks\Yfgfwb.job,Amadey,host-artefact,True,High,70,2025-12-18,2025-12-18,288,,Trellix,False,,Persistence scheduled task
d53e1fbc-0bfe-5469-b399-d056fe853a12,directory,%APPDATA%\f936986d553273\,Amadey,host-artefact,False,High,70,2025-12-18,2025-12-18,288,,Trellix,False,"weak alone (generic/random per build) - use for hunting, not blocking",Amadey plugin storage path
a18e2030-a1e1-53cf-bcb4-a86f2b833e32,directory,%TEMP%\067640a009\,Amadey,host-artefact,False,High,70,2025-12-18,2025-12-18,288,,Trellix,False,"weak alone (generic/random per build) - use for hunting, not blocking",Amadey drop directory
cffa7be0-a1e5-5ef4-b189-73a88cff44c3,directory,%TEMP%\10000340261\protected\,StealC,host-artefact,False,High,70,2025-12-18,2025-12-18,288,,Trellix,False,"weak alone (generic/random per build) - use for hunting, not blocking",StealC extraction path
b5cc1450-7aef-5bc9-8cb6-35dd59d10b35,filename,Yfgfwb.exe,Amadey,host-artefact,False,High,70,2025-12-18,2025-12-18,288,,Trellix,False,"weak alone (generic/random per build) - use for hunting, not blocking",Amadey loader executable
5e462f7c-8f72-55f7-a994-7defd4fc72ea,filename,clip64.dll,Amadey,host-artefact,False,High,70,2025-12-18,2025-12-18,288,,Trellix,False,"weak alone (generic/random per build) - use for hunting, not blocking",Clipper plugin (crypto wallet swapper)
c3ba0049-c997-54e7-8f06-4ac4adbbb92d,filename,protected.zip,StealC,host-artefact,False,High,70,2025-12-18,2025-12-18,288,,Trellix,False,"weak alone (generic/random per build) - use for hunting, not blocking",Compressed StealC payload
3915abf7-29ca-510e-962f-ca9ae2b90ce9,filename,x64_protect.exe,StealC,host-artefact,False,High,70,2025-12-18,2025-12-18,288,,Trellix,False,"weak alone (generic/random per build) - use for hunting, not blocking",StealC infostealer executable
24b54209-b570-59fa-a88f-cd7bd2c633c9,bot_id,0702f,Amadey,context,False,High,70,2025-12-18,2025-12-18,288,,Trellix,False,context only (not observable in logs),Hardcoded Amadey botnet identifier
a8d7e9f2-1456-55e0-8f88-e4dae19b880f,crypto_key,828065b4fbbccc7d69743a0648c2f656,Amadey,context,False,High,70,2025-12-18,2025-12-18,288,,Trellix,False,context only (not observable in logs),String decryption key
